"id","code","category","title","description","thumbnail","is_public","sort_by","usage_count","created_at","updated_at","lang","lang_relation_id","deleted_at","content","tpl_type","keywords"
"1","Tc4ca4238a0b923820dcc509a6f75849b","商家","☕ 餐廳/咖啡店卡片","餐飲業推廣模板，利用Hero圖片與標題吸引顧客，並提供地址、營業時間及預約按鈕，促進到店消費。","☕","1","98","0","1777894806","0","zh-TW","16","0","這是一個經典的餐飲業推廣模板，專為咖啡廳或餐廳設計。它利用 Hero 圖片展示迷人的店面或招牌餐點，搭配醒目的標題與評分。卡片詳細列出了地址與營業時間，並在底部設置了『查看地圖』與『立即預約』按鈕，能有效將潛在顧客轉化為實際到店消費的客人，提升商家業績。","bubble","餐飲業推廣,咖啡廳,餐廳,Hero圖片,預約按鈕"
"2","Tc81e728d9d4c2f636f067f89cc14862c","商家","✂️ 美業預約卡片","此模板專為美容業者設計，以水平排列方式清楚呈現服務名稱、價格、設計師及可約時間，顧客可快速確認細節並完成預約。","✂️","1","97","0","1777894806","0","zh-TW","17","0","此模板專為美容沙龍、理髮店或美甲業者量身打造。它清晰展示服務名稱與設計師資訊，利用水平 Box 精確對齊『服務項目』、『價格』、『設計師』及『可約時間』等關鍵數據。介面簡潔專業，讓顧客能一目了然地確認細節，並透過底部的按鈕快速完成預約流程。","bubble","美容沙龍,理髮店,美甲,服務項目,預約流程"
"3","Teccbc87e4b5ce2fe28308fd9f2a7baf3","商家","🏋️ 健身課程預約","此模板專為健身房設計，透過展示教練、時間及稀缺名額，搭配運動場景與報名按鈕，有效激勵用戶參與課程。","🏋️","1","95","0","0","1778305678","zh-TW","0","0","這是一個充滿活力的健身課程模板，適合展示高強度間歇訓練等課程。卡片醒目地標示了教練姓名、上課時間以及『剩餘名額』，利用稀缺性營造緊迫感。Hero 圖片展現運動場景，搭配『立即報名』按鈕，能有效激勵用戶參與，是健身房與教練不可或缺的招生工具。","bubble","健身課程,高強度間歇訓練,剩餘名額,立即報名,招生工具"
"4","Ta87ff679a2f3e71d9181a67b7542122c","电商","🛍️ 商品卡片","此模板透過Hero圖片與價格對比突顯折扣，搭配標籤與購買按鈕，提升電商轉換率。","🛍️","1","93","0","1777894806","0","zh-TW","19","0","這是一個標準的電子商務商品展示模板。它利用 Hero 圖片佔滿版面展示商品細節，並巧妙地通過刪除線價格與特價的對比，突顯折扣力度。卡片還可加入免運或熱銷標籤，搭配『立即購買』按鈕，能大幅縮短顧客決策路徑，有效提升電商平台的轉換率。","bubble","電子商務,商品展示,折扣,轉換率,立即購買"
"5","Te4da3b7fbbce2345d7772b0674a318d5","电商","🧾 訂單確認","交易成功後的即時回饋模板，透過綠色Header與詳細訂單明細，讓顧客確認訂單並降低客服查詢量。","🧾","1","91","0","1777894806","0","zh-TW","20","0","這是一個訂單確認通知模板，用於交易成功後的即時回饋。頂部的綠色 Header 象徵交易成功，卡片詳細列出訂單編號、購買項目、數量、單價與總金額。這能讓顧客在下單後立刻確認細節無誤，減少焦慮，同時降低客服關於訂單狀態的查詢量。","bubble","訂單確認,交易成功,通知模板,訂單明細,減少查詢"
"6","T1679091c5a880faf6fb5e6087eb1b2dc","电商","🚚 物流通知","此模板用於通知顧客商品發貨後的物流狀態，包含單號、當前位置及時間，並提供追蹤連結，提升購物透明度。","🚚","1","89","0","1777894806","0","zh-TW","21","0","這是一個物流進度通知模板，專為商品發貨後設計。它清晰地顯示了物流單號、當前狀態（如已抵達轉運中心）與時間戳記。顧客無需主動詢問即可掌握包裹去向，並能透過按鈕直接跳轉追蹤頁面，有效提升了購物體驗的透明度。","bubble","物流進度通知,包裹追蹤,購物體驗,物流單號,轉運中心"
"7","T8f14e45fceea167a5a36dedd4bea2543","电商","🎟️ 優惠券卡片","一個紅色醒目設計的優惠券模板，用於節日促銷或會員回饋，包含折扣碼、有效期限提醒和立即使用按鈕，能刺激顧客回流消費。","🎟️","1","87","0","1777894806","0","zh-TW","22","0","這是一個專屬優惠券模板，適合用於節日促銷或會員回饋。紅色的 Header 設計醒目吸睛，用於展示折扣碼與優惠力度（如滿千折百）。卡片內建了有效期限提醒，並提供『立即使用』按鈕，能有效刺激顧客回流消費，提升復購率。","bubble","優惠券模板,節日促銷,會員回饋,折扣碼,復購率"
"8","Tc9f0f895fb98ab9159f51fd0297e236d","通知","🔔 系統通知","此模板用於發布系統維護公告，以警示設計告知用戶維護時間與影響，有助於管理預期、減少抱怨。","🔔","1","85","0","1777894806","0","zh-TW","23","0","這是一個系統維護通知模板，用於發布重要公告。它採用警示性的設計（如紅色標籤），清晰地告知用戶維護的具體時間段與影響範圍。這能提前管理用戶的預期，減少因服務暫停而產生的困惑與抱怨，確保溝通順暢。","bubble","系統維護,通知模板,公告,維護時間,影響範圍"
"9","T45c48cce2e2d7fbdea1afc51c7c6ad26","通知","⏳ 到期提醒","此模板以紅色文字凸顯會員即將到期的緊迫性，並標示到期日期，透過溫馨提示續費來保留特權，以降低流失率並維持高價值客戶的忠誠度。","⏳","1","83","0","1777894806","0","zh-TW","24","0","這是一個VIP會員到期提醒模板，旨在喚回即將流失的會員。卡片使用紅色文字強調『即將到期』的緊迫感，並明確標示到期日期。透過溫馨提示用戶續費以保留特權，能有效降低會員流失率，維持高價值客戶的黏著度。","bubble","VIP會員,到期提醒,續費,會員流失,客戶黏著度"
"10","Td3d9446802a44259755d38e6d163e820","客服/导航","📱 主菜單導航","此模板作為用戶與服務的第一接觸點，簡潔列出核心服務選項，提升自助服務效率並減輕客服負擔。","📱","1","81","0","1777894806","0","zh-TW","25","0","這是一個主選單導航模板，作為用戶與服務的第一接觸點。它簡潔地列出核心服務選項（如預約、訂單查詢、聯絡客服），讓用戶能像點選手機選單一樣快速找到所需功能。這能大幅提升自助服務的效率，減輕人工客服的負擔。","bubble","主選單導航,自助服務,客服效率,預約,訂單查詢"
"11","T6512bd43d9caa6e02c990b0a82652dca","客服/导航","❓ FAQ 列表","FAQ列表模板，集中解答退款、運費等常見問題，提供快速自助查詢。","❓","1","79","0","1777894806","0","zh-TW","26","0","這是一個常見問題（FAQ）列表模板，用於集中解答用戶疑問。卡片將熱門問題（如退款、運費、密碼）以清單形式呈現，並提供查看詳情的入口。這是一個高效的自助服務工具，能讓用戶快速找到答案，無需等待人工回覆。","bubble","FAQ,常見問題,自助服務,退款,運費"
"12","Tc20ad4d76fe97759aa27a0c99bff6710","内容","📰 文章推薦","一個利用Hero圖片、標題、分類與閱讀時間預估的文章推薦模板，用於內容行銷或新聞推送，能有效增加曝光與點閱率。","📰","1","77","0","1777894806","0","zh-TW","27","0","這是一個文章推薦模板，適合用於內容行銷或新聞推送。它利用 Hero 圖片吸引點擊，搭配標題、分類與閱讀時間預估。這能有效地將優質內容（如科技趨勢報告）推送到用戶手中，增加文章的曝光率與點閱率。","bubble","文章推薦模板,內容行銷,新聞推送,Hero圖片,科技趨勢報告"
"13","Tc51ce410c124a10e0db5e4b97fc2af39","展示","🪪 個人名片","個人數位名片模板，整合姓名、職稱、頭像及聯絡資訊，支援電子發送與一鍵加好友功能，有助於商務社交與人脈擴展。","🪪","1","75","0","1777894806","0","zh-TW","28","0","這是一個個人數位名片模板，適用於商務社交。卡片展示了姓名、職稱、頭像以及聯絡方式（電話、郵箱）。它不僅可以作為電子名刺發送，還能包含『加為好友』按鈕，方便潛在客戶一鍵建立連結，拓展人脈網絡。","bubble","數位名片,商務社交,聯絡方式,人脈拓展"
"14","Taab3238922bcc25a6f606eb525ffdc56","表单","📝 問卷入口","此模板透過獎勵誘因，鼓勵用戶填寫簡短問卷，以收集反饋並改善體驗。","📝","1","73","0","1777894806","0","zh-TW","29","0","這是一個問卷調查入口模板，用於收集用戶反饋。卡片簡要說明了調查目的（提升體驗）與耗時（約1分鐘），並用獎勵（折價券）作為誘因。這能有效提高用戶填寫問卷的意願，幫助企業收集寶貴的市場數據。","bubble","問卷調查,用戶反饋,折價券,市場數據,提升體驗"
"15","T9bf31c7ff062936a96d3c8bd1f8f2ff3","数据","📊 每日數據簡報","提供管理層與運營團隊每日關鍵指標的視覺化簡報，以大字體和顏色區分漲跌，便於快速掌握業務狀況。","📊","1","71","0","1777894806","0","zh-TW","30","0","這是一個每日數據簡報模板，專為管理層或運營團隊設計。它將關鍵指標（如訂單數、銷售額、新增用戶）以大字體數字的形式直觀展示，並採用顏色區分漲跌（如綠色代表增長）。這讓決策者能一目了然地掌握業務狀況。","bubble","數據簡報,關鍵指標,視覺化,管理層,運營"
"16","Tc74d97b01eae257e44aa9d5bade97baf","ビジネス","☕ レストラン/カフェカード","飲食店向け標準テンプレートで、ヒーロー画像による視覚的訴求、店舗情報の表示、予約ボタンによる来店促進を実現します。","☕","1","84","0","1777894806","0","ja","1","0","시스템標準の飲食店向けテンプレートです。ヒーロー画像で店舗外観やおすすめ料理を紹介し、目を引くタイトルと評価を表示します。住所や営業時間の詳細情報を提供し、フッターには「地図を見る」や「予約する」ボタンを設置することで、潜在顧客を実際に来店する顧客に変換できます。","bubble","飲食店テンプレート,ヒーロー画像,店舗情報,予約ボタン,顧客変換"
"17","T70efdf2ec9b086079795c442636b55fb","ビジネス","✂️ サロン予約カード","美容サロンや理容店向けのテンプレートで、メニュー名やスタイリスト情報を明確に表示し、料金や所要時間を整列。シンプルでプロフェッショナルなインターフェースにより、顧客が素早く予約できる。","✂️","1","82","0","1777894806","0","ja","2","0","美容サロンや理容店向けに設計されたテンプレートです。メニュー名やスタイリスト情報を明確に表示し、水平ボックスで「料金」「所要時間」などの重要なデータを正確に整列させます。シンプルでプロフェッショナルなインターフェースにより、顧客は細部を一目で確認でき、予約フローを迅速に完了できます。","bubble","美容サロン,理容店,テンプレート,料金,予約"
"18","T6f4922f45568161a8cdf4ad2299f6d23","ビジネス","🏋️ フィットネス予約","フィットネス教室向けのテンプレートで、教練名やレッスン時間、残り枠数を強調し、希少性で紧迫感を演出。運動シーンのヒーロー画像と「今すぐ申し込む」ボタンで参加意欲を高め、集客を促進します。","🏋️","1","80","0","1777894806","0","ja","3","0","フィットネス教室向けの活力的なテンプレートです。教練名、レッスン時間、残り枠数を強調表示し、希少性による紧迫感を演出します。ヒーロー画像に運動シーンを使用し、「今すぐ申し込む」ボタンを配置することで、ユーザーの参加意欲を高め、集客に貢献します。","bubble","フィットネス教室,テンプレート,希少性,紧迫感,集客"
"19","T1f0e3dad99908345f7439f8ffabdffc4","Eコマース","🛍️ 商品カード","ECサイト向けの商品紹介テンプレートで、ヒーロー画像による商品詳細の展示、価格比較、送料無料ラベルや購入ボタンを活用し、顧客の意思決定を促進して転換率を向上させる。","🛍️","1","78","0","1777894806","0","ja","4","0","標準的なEC商品紹介テンプレートです。ヒーロー画像で商品のディテールを全面展示し、価格比較（元値と割引価格）を明確に提示します。送料無料などのラベルや「今すぐ購入」ボタンを組み合わせることで、顧客の意思決定プロセスを短縮し、転換率を高めます。","bubble","EC商品紹介,価格比較,送料無料,今すぐ購入,転換率向上"
"20","T98f13708210194c475687be6106a3b84","Eコマース","🧾 注文確認","購入完了後の注文確認通知テンプレートで、緑色のヘッダーが取引成功を示し、注文番号や商品明細、合計金額を記載。顧客が購入直後に内容を確認でき、不安解消と問い合わせ削減に役立つ。","🧾","1","76","0","1777894806","0","ja","5","0","購入完了後の注文確認通知テンプレートです。緑色のヘッダーで取引成功を象徴し、注文番号、商品明細、合計金額を詳細に列記します。顧客は購入直後に内容を確認でき、不安を解消するとともに、カスタマーサポートへの問い合わせを削減します。","bubble","注文確認,テンプレート,取引成功,商品明細,顧客サポート"
"21","T3c59dc048e8850243be8079a5c74d079","Eコマース","🚚 配送通知","商品発送後の物流ステータスを通知するテンプレート。追跡番号や現在のステータス、タイムスタンプを表示し、顧客が荷物の行方を把握できるようにする。詳細ページへのリンクも提供。","🚚","1","74","0","1777894806","0","ja","6","0","商品発送後の物流ステータス通知テンプレートです。追跡番号、現在のステータス（例：配送センター到着）、タイムスタンプを明確に表示します。顧客は問い合わせることなく荷物の行方を把握でき、「配送状況を追跡」ボタンで詳細ページへ遷移できます。","bubble","物流通知,追跡番号,配送状況,ステータス更新,顧客通知"
"22","Tb6d767d2f8ed5d21a44b0e5886680cb9","Eコマース","🎟️ クーポンカード","割引コードと有効期限を表示し、顧客の再訪問を促進するプロモーションテンプレートです。","🎟️","1","72","0","1777894806","0","ja","7","0","限定オファーやクーポン配布に最適なテンプレートです。目を引くヘッダーに割引コードと有効期限を表示し、「今すぐ使用する」ボタンで誘導します。これにより顧客の再訪問を促進し、リピート購入率の向上に貢献します。","bubble","限定オファー,クーポン,リピート購入,プロモーションテンプレート"
"23","T37693cfc748049e45d87b8c7d8b9aacd","通知","🔔 システム通知","システムメンテナンス情報を伝えるテンプレートで、赤色ラベルなどで注意喚起し、具体的な時間帯と影響範囲を明記。事前周知によりユーザーの混乱を防ぐ。","🔔","1","70","0","1777894806","0","ja","8","0","重要なシステムメンテナンス情報を伝えるテンプレートです。赤色のラベルなどで注意喚起を行い、具体的なメンテナンス時間帯と影響範囲を明確に記載します。事前の周知により、ユーザーの予測を管理し、サービス停止時の混乱を防ぎます。","bubble","システムメンテナンス,注意喚起,メンテナンス時間,影響範囲,事前周知"
"24","T1ff1de774005f8da13f42943881c655f","通知","⏳ 有効期限リマインダー","VIP会員の有効期限が近づいた際に送るリマインダーテンプレート。赤文字で緊迫感を強調し、更新を促すことで会員の流出を防ぎ、高価値顧客を維持する。","⏳","1","68","0","1777894806","0","ja","9","0","VIP会員の有効期限が迫った際のリマインダーテンプレートです。赤文字で「有効期限間近」の緊迫感を強調し、特典継続のための更新手続きを促します。これにより会員の流出を防ぎ、高価値顧客の維持に役立ちます。","bubble","VIP会員,有効期限,リマインダー,更新,顧客維持"
"25","T8e296a067a37563370ded05f5a3bf3ec","サポート/ナビ","📱 メインメニューナビ","サービスとの最初の接点となるメインメニューで、予約や注文照会、クーポン、問い合わせなどの主要サービスをボタンで一元化。スマートフォンのメニューのように直感的に操作でき、セルフサービスの効率を高めます。","📱","1","66","0","1777894806","0","ja","10","0","サービスとの最初の接点となるメインメニューです。予約、注文照会、クーポン、問い合わせなどの主要なサービスをボタンで一元化します。スマートフォンのメニューのように直感的に操作でき、セルフサービスの効率を高めます。","bubble","メインメニュー,予約,注文照会,クーポン,セルフサービス"
"26","T4e732ced3463d06de0ca9a15b6153677","サポート/ナビ","❓ FAQ リスト","よくある質問をまとめたテンプレートで、返金方法や送料計算、パスワード紛失などの頻出疑問をリスト形式で掲載し、ユーザーがすぐに答えを見つけられるようにする。","❓","1","64","0","1777894806","0","ja","11","0","よくある質問（FAQ）をまとめたテンプレートです。返金方法、送料計算、パスワード紛失など、頻出する疑問をリスト形式で掲載します。ユーザーはすぐに答えを見つけられ、オペレーターの待ち時間を削減できます。","bubble","FAQ,返金方法,送料計算,パスワード紛失,テンプレート"
"27","T02e74f10e0327ad868d138f2b4fdd6f0","コンテンツ","📰 おすすめ記事","コンテンツマーケティングやニュース配信に適したテンプレートで、ヒーロー画像とタイトル、読了時間を用いてユーザーの興味を引き、記事へのクリックを促進します。","📰","1","62","0","1777894806","0","ja","12","0","コンテンツマーケティングやニュース配信に適したテンプレートです。ヒーロー画像とタイトル、読了時間でユーザーの興味を引き、記事へのクリックを促進します。","bubble","コンテンツマーケティング,ニュース配信,テンプレート,ヒーロー画像,読了時間"
"28","T33e75ff09dd601bbe69f351039152189","プロフィール","🪪 デジタル名刺","名前や肩書、顔写真、連絡先を表示し、友だち追加ボタンで簡単に繋がれるデジタル名刺テンプレートです。","🪪","1","60","0","1777894806","0","ja","13","0","デジタル名刺として使えるテンプレートです。名前、肩書、顔写真、連絡先情報を表示し、「友だち追加」ボタンで簡単に繋がることができます。","bubble","デジタル名刺,テンプレート,連絡先,友だち追加"
"29","T6ea9ab1baa0efb9e19094440c317e21b","フォーム","📝 アンケート","調査目的と所要時間（約1分）を明記し、完了特典としてクーポンを提示するアンケート協力依頼のテンプレート。","📝","1","58","0","1777894806","0","ja","14","0","アンケート協力のお願いテンプレートです。調査の目的と所要時間（約1分）を明記し、完了特典（クーポン）を提示することで、ユーザーの協力率を高めます。","bubble","アンケート,協力,テンプレート,特典,クーポン"
"30","T34173cb38f07f89ddbebc2ac9128303f","データ","📊 デイリーレポート","売上高や注文数などの主要指標を大きなフォントで表示し、管理者が業務状況を即座に把握できる日報テンプレート。","📊","1","56","0","1777894806","0","ja","15","0","データ可視化された日報テンプレートです。売上高、注文数、新規ユーザー数などのキーメトリクスを大きなフォントで表示し、管理者が業務状況を瞬時に把握できるように設計されています。","bubble","データ可視化,日報テンプレート,売上高,注文数,新規ユーザー数"
"31","Tc16a5320fa475530d9583c34fd356ef5","旅遊類","🎫登機證/車票","橫向長條設計的登機證或車票模板，以深藍色背景呈現航空主題，清晰標示出發地、目的地、航班號、日期與登機門，便於快速查閱行程。","🎫","1","69","0","0","1778467437","zh-TW","41","0","這是一個登機證或車票模板，專為旅遊場景設計。它採用橫向長條設計，清晰地展示出發地、目的地、航班號、日期與登機門資訊。深藍色的背景設計呼應航空主題，提供了一種專業且時尚的票券視覺效果，方便用戶快速查閱行程細節。","bubble","登機證,車票模板,旅遊,航班資訊,設計"
"32","T6364d3f0f495b6ab9dcf8d3b5c6e0b01","旅遊類","🏨酒店預約詳情","酒店預訂確認模板，以Hero圖片展示酒店外觀，搭配名稱與日期，提供訂單詳情按鈕，方便用戶快速確認資訊。","🏨","1","67","0","0","1778467461","zh-TW","42","0","這是一個酒店預訂詳情模板。它利用 Hero 圖片展示酒店外觀或豪華房間，搭配酒店名稱與入住退房日期。卡片設計簡潔大方，讓用戶能快速確認預訂資訊，並提供『查看訂單詳情』按鈕以獲取更多服務，是旅遊業者必備的確認通知工具。","bubble","酒店預訂,預訂詳情,確認通知,旅遊業"
"33","T182be0c5cdcd5072bb1864cdee4d3d6e","房產類","🏠房源/車型詳情","此模板用於展示房產或車型詳情，透過Hero圖片與規格卡片，幫助用戶快速篩選並預約看房或試駕。","🏠","1","57","0","0","1778467590","zh-TW","43","0","這是一個房產或車型詳情展示模板。它利用 Hero 圖片展示房源外觀或車輛實拍，並在卡片內詳細列出關鍵規格（如坪數、格局、屋齡或車型年份）。這種設計能讓潛在買家或租客快速篩選感興趣的物件，並透過按鈕預約看房或試駕。","bubble","房產展示,車型展示,Hero圖片,關鍵規格,預約看房"
"34","Te369853df766fa44e1ed0ff613f563bd","房產類","✅預約確認卡","此為預約確認卡片，用於服務確認通知，清楚顯示成功訊息及預約細節，增強用戶信任。","✅","1","55","0","0","1778467601","zh-TW","44","0","這是一個預約確認卡片，適用於各類服務的確認通知。卡片醒目地顯示『預約確認成功』字樣，並詳細列出預約項目、時間與地點。它給用戶帶來強烈的安心感，確保雙方對服務細節達成共識，減少臨時變更或爭議。","bubble","預約確認,確認卡片,服務通知,安心感"
"35","T1c383cd30b7c298ab50293adfecb7b18","醫療類","🩺體檢報告概覽","醫療健康領域的體檢報告模板，將複雜數據簡化為直觀數值與狀態標籤，並用顏色區分，幫助用戶快速理解健康狀況。","🩺","1","45","0","0","1778467625","zh-TW","45","0","這是一個體檢報告概覽模板，用於醫療健康領域。它將複雜的醫學數據（如血壓、膽固醇）簡化為直觀的數值與狀態標籤（如正常、偏高），並使用顏色（綠色/紅色）進行區分。這能幫助用戶快速理解健康狀況，並採取相應的改善措施。","bubble","體檢報告,健康狀況,醫學數據,顏色區分,改善措施"
"36","T19ca14e7ea6328a42e0eb13d585e4c22","醫療類","🏥診所叫號進度","一個診所叫號進度模板，透過手機顯示當前叫號與用戶號碼及等待時間，減少候診焦慮。","🏥","1","43","0","0","1778467631","zh-TW","46","0","這是一個診所叫號進度模板，旨在減少候診焦慮。卡片中央醒目地顯示當前叫號（如25號）與用戶的號碼（如32號），並提示預計等待時間。用戶無需頻繁抬頭看螢幕，透過手機即可掌握即時進度，提升就醫體驗。","bubble","診所叫號,候診焦慮,即時進度,就醫體驗,手機查詢"
"37","Ta5bfc9e07964f8dddeb95fc584cd965d","金融類","💳信用卡賬單摘要","此模板為信用卡賬單摘要，突出顯示應付金額與繳款截止日，並提供一鍵繳費功能，有助於用戶避免逾期。","💳","1","33","0","0","1778467653","zh-TW","47","0","這是一個信用卡賬單摘要模板。它清晰地列出本期應付總額、繳款截止日與卡別資訊。大字體的金額顯示讓用戶一目了然，並提供『立即繳費』按鈕，方便用戶直接完成支付，避免逾期繳款，是金融機構高效的催收工具。","bubble","信用卡賬單,繳款截止日,應付總額,立即繳費,催收工具"
"38","Ta5771bce93e200c36f7cd9dfd0e5deaa","金融類","📈投資組合快訊","此模板整合總資產、本日盈虧及個股漲跌，以紅綠顏色標示，協助投資者迅速掌握資產變化。","📈","1","31","0","0","1778467660","zh-TW","48","0","這是一個投資組合快訊模板。它將總資產、本日盈虧百分比以及個股的漲跌情況（如台積電、鴻海）集中展示。透過顏色區分紅綠盤（紅色上漲、綠色下跌），投資者能快速掌握資產變動趨勢，做出及時的投資決策。","bubble","投資組合,快訊,資產,盈虧,個股"
"39","Td67d8ab4f4c10bf22aa353e27879133c","教育類","🗓️課程時間表","提供學校課程時間表模板，清晰列出上課時間、課程名稱與教室地點，幫助學生與教職員有效管理時間。","🗓️","1","21","0","0","1778467680","zh-TW","49","0","這是一個課程時間表模板，適用於學校或教育機構。卡片清晰地列出今日的上課時間、課程名稱與教室地點。這種結構化的排版幫助學生與教職員有效管理時間，避免錯過重要課程，是校園生活的實用助手。","bubble","課程時間表,學校,教育機構,時間管理,校園生活"
"40","Td645920e395fedad7bbbed0eca3fe2e0","教育類","🎟️活動 QR 票券","此模板提供簡約設計的QR票券，用於線下活動快速掃碼入場，提升效率與科技感。","🎟️","1","19","0","0","1778467686","zh-TW","50","0","這是一個活動 QR 票券模板，用於線下活動入場。卡片設計簡約，中央放置巨大的 QR Code，並附上活動名稱與地點。用戶出示此卡片即可快速掃碼入場，無需繁瑣的紙本核對，提升了活動管理的效率與科技感。","bubble","QR票券,線下活動,入場,掃碼,活動管理"
"41","T3416a75f4cea9109507cacd8e2f2aefc","トラベル","搭乗券・チケット","旅行シーンに適した搭乗券テンプレートで、発着地や便名、日付、ゲート情報を明確に表示。青系の背景が航空ムードを演出し、旅程確認をスムーズにする。","🎫","1","59","0","1714980000","1778467437","ja","31","0","搭乗券や切符のテンプレートで、旅行シーンに最適です。発着地、便名、日付、ゲート情報を明確に表示します。青系の背景デザインが航空ムードを演出し、ユーザーがスムーズに旅程を確認できる視覚効果を提供します。","bubble","搭乗券,旅行,テンプレート,便名,ゲート情報"
"42","Ta1d0c6e83f027327d8461063f4ac58a6","トラベル","🏨ホテル予約詳細","ホテル予約詳細テンプレートは、ヒーロー画像でホテル外観や客室を紹介し、チェックイン・チェックアウト日を明記。シンプルなデザインで予約内容を確認でき、「予約詳細を見る」ボタンで追加サービスを提供します。","🏨","1","57","0","0","1778467461","ja","32","0","ホテル予約詳細テンプレートです。ヒーロー画像でホテル外観や客室を紹介し、チェックイン・チェックアウト日を明記します。シンプルで洗練されたデザインにより、ユーザーは予約内容を素早く確認でき、「予約詳細を見る」ボタンで追加サービスを提供します。","bubble","ホテル予約,テンプレート,チェックイン,チェックアウト,予約詳細"
"43","T17e62166fc8586dfa4d1bc0e1742c08b","不動産","🏠物件・車種詳細","物件や車両の実写画像と詳細な仕様を列記したテンプレートで、購入者や賃借人のスクリーニングと内見予約を促進します。","🏠","1","47","0","0","1778467590","ja","33","0","不動産や車種紹介のテンプレートです。物件や車両の実写画像を活用し、面積、間取り、築年数などの詳細な仕様を列記します。これにより潜在的な購入者や賃借人が興味ある物件を素早くスクリーニングでき、内見予約を促進します。","bubble","不動産,車種紹介,テンプレート,実写画像,内見予約"
"44","Tf7177163c833dff4b38fc8d2872f1ec6","不動産","✅予約確認カード","予約確認カードは、サービスの確定通知として使用され、日時や内容を明示することでユーザーに安心感を与え、双方の合意を保証します。","✅","1","45","0","0","1778467601","ja","34","0","予約確認カードで、各種サービスの確認通知に使用されます。目立つ「予約が確定しました」の文字と、詳細な日時・内容を表示します。ユーザーに強い安心感を与え、双方がサービス内容で合意することを保証します。","bubble","予約確認, サービス通知, 安心感, 合意"
"45","T6c8349cc7260ae62e3b1396831a8398f","医療","🩺診断結果サマリー","健康診断結果のテンプレートで、血圧やコレステロールの数値を正常/要改善のラベルと色分けで可視化し、健康状態の把握を支援します。","🩺","1","35","0","0","1778467625","ja","35","0","健康診断結果のテンプレートです。血圧やコレステロールなどの複雑な数値を、正常/要改善などのラベルで簡潔に可視化します。色分け（緑/赤）で状態を一目で理解できるため、ユーザーが健康状態を把握し、適切な対応を取る手助けをします。","bubble","健康診断,可視化,血圧,コレステロール,色分け"
"46","Td9d4f495e875a2e075a1a4a6e1b9770f","医療","🏥診療待ち状況","診療待ち状況をスマートフォンでリアルタイム確認できるテンプレート。現在の呼び出し番号とユーザーの番号を中央表示し、待ち時間を明記。受付確認の手間を省き、ストレスのない受診体験を提供。","🏥","1","33","0","0","1778467631","ja","36","0","診療待ち状況のお知らせテンプレートです。現在の呼び出し番号とユーザーの番号を中央に大きく表示し、待ち時間を明記します。ユーザーは頻繁に受付を確認する必要がなく、スマートフォンでリアルタイムの進捗を把握でき、ストレスのない受診体験を提供します。","bubble","診療待ち状況,リアルタイム進捗,スマートフォン,待ち時間,ストレスフリー"
"47","T67c6a1e7ce56d3d6fa748ab6d9af3fd7","金融","💳カード利用明細","クレジットカードの請求テンプレートで、支払額と期日を明記し、大きなフォントで金額を表示して「今すぐ支払う」ボタンで即時決済を促す。","💳","1","23","0","0","1778467653","ja","37","0","クレジットカードの請求テンプレートです。今回のお支払い額、支払期日、カードブランドを明確に列記します。大きなフォントで金額を表示することで、ユーザーは一目で確認でき、「今すぐ支払う」ボタンで即時決済を促進します。","bubble","クレジットカード,請求テンプレート,支払額,支払期日,即時決済"
"48","T642e92efb79421734881b53e1e1b18b6","金融","📈ポートフォリオ概要","投資ポートフォリオのテンプレートで、総資産や銘柄別の騰落を一覧表示。赤と緑で損益を区別し、資産変動を瞬時に把握して迅速な投資判断を支援します。","📈","1","21","0","0","1778467660","ja","38","0","投資ポートフォリオのテンプレートです。総資産、当日損益、銘柄別の騰落を一覧で表示します。赤と緑で損益を区別することで、投資家は資産の変動トレンドを瞬時に把握し、迅速な投資判断を下すことができます。","bubble","投資ポートフォリオ,テンプレート,総資産,損益,投資判断"
"49","Tf457c545a9ded88f18ecee47145a72c0","教育","🗓️時間割表","学校や教育機関向けの時間割表テンプレートで、授業時間、科目名、教室場所を明確に表示し、時間管理を効率化します。","🗓️","1","11","0","0","1778467680","ja","39","0","時間割表テンプレートで、学校や教育機関に適しています。本日の授業時間、科目名、教室場所を明確に列記します。構造化されたレイアウトにより、生徒や教職員は時間を効率的に管理でき、授業の欠席を防ぎます。","bubble","時間割表,テンプレート,学校,授業時間,教室場所"
"50","Tc0c7c76d30bd3dcaefc96f40275bdc0a","教育","🎟️イベント QR チケット","イベント入場用のQRチケットテンプレートで、中央にQRコードを配置し、イベント名と会場を記載。提示するだけでスキャン入場可能で、紙媒体不要により運営効率を向上させる。","🎟️","1","9","0","0","1778467686","ja","40","0","イベント入場用のQRチケットテンプレートです。シンプルなデザインで中央に大きなQRコードを配置し、イベント名と会場を記載します。ユーザーはこのカードを提示するだけで素早くスキャン入場でき、紙媒体の確認作業が不要なため、イベント運営の効率を高めます。","bubble","QRチケット,イベント入場,テンプレート,運営効率化"
"803534273990661","T6e43280b5d88fa775f1824f7b25c457d","遊戲","🏆 遊戲排行榜","此設計專為遊戲化營銷打造，透過金銀銅視覺對比凸顯玩家等級與戰力，並在底部加入個人排名與分享按鈕，以促進社群互動。","🏆 ","1","100","0","0","1778463768","zh-TW","803542136750085","0","專為遊戲化營銷設計，採用金銀銅視覺對比，清楚展示玩家等級與戰力，底部附帶個人排名與分享按鈕，提升社群互動率。","bubble","遊戲化營銷,金銀銅視覺,玩家等級,戰力,社群互動"
"803542136750085","T90687c27e577cc01d6c2f90413eacf08","遊戯","🏆 今週の戦力ランキング","ゲーミフィケーションを活用したマーケティングデザインで、金・銀・銅のコントラストでレベルや戦闘力を表示。下部に順位とシェアボタンを配置し、SNSエンゲージメントを促進。","🏆 ","1","100","0","0","1778463768","ja","803534273990661","0","ゲーミフィケーションを活用したマーケティング向けに設計。金・銀・銅の視覚的なコントラストにより、プレイヤーのレベルや戦闘力を明確に表示します。下部には個人の順位とシェアボタンを配置し、ソーシャルメディアでのエンゲージメントを高めます。","bubble","ゲーミフィケーション,マーケティング,レベル表示,ソーシャルメディア,エンゲージメント"
"803785047441413","Tebd5650538c034e1cd2a8b3c902b527d","天氣","🌦️ 每日天氣概況","專為東南亞熱帶氣候設計的天氣資訊模板，採用玻璃擬態風格，以藍色漸層和圓角元素營造清涼視覺，減輕炎熱天氣下的視覺疲勞。","🌦️","1","101","0","0","1778392776","zh-TW","803787598090245","0","這款模板專為東南亞用戶量身打造。我們深知在熱帶氣候下，天氣資訊不僅是「溫度」，更是一種「生存指南」。設計上採用了 Glassmorphism (玻璃擬態) 風格，透過高對比度的藍色漸層與圓潤的超大半徑圓角，營造出一種清涼、通透的視覺感，有效緩解用戶在炎熱氣候下的視覺疲勞。","bubble","東南亞,天氣資訊,玻璃擬態,模板設計,視覺疲勞"
"803787598090245","Tbd57c1cbc423ed997fbe5930771f82ca","天気","🌦️ 毎日の天気概況","このテンプレートは東南アジアのユーザー向けに設計され、熱帯気候での天気情報をサバイバルガイドとして捉えています。グラスモーフィズムとブルーグラデーション、丸みを帯びたデザインで涼やかな視覚体験を提供し、暑さによる視覚疲労を軽減します。","🌦️","1","102","0","0","1778392776","ja","803785047441413","0","このテンプレートは、東南アジアのユーザー向けに特別に設計されました。熱帯気候において、天気情報は単なる「気温」ではなく、一種の「サバイバルガイド」であることを私たちは深く理解しています。デザインにはグラスモーフィズム（Glassmorphism）を採用。高コントラストなブルーのグラデーションと、大きく丸みを帯びた角丸デザインにより、涼やかで透明感のある視覚体験を提供し、暑い気候におけるユーザーの視覚的な疲労を効果的に軽減します。","bubble","東南アジア,天気情報,グラスモーフィズム,ブルーグラデーション,視覚疲労軽減"
"803891260280837","T1ddf6ae24acdfbd399ef2d509ba26a20","菜单","🍱 餐廳推薦與美食點單","採用1:1正方形Hero圖片比例，搭配aspectMode:cover技術，確保輪播時視覺穩定，突出食物細節與色彩。","🍱","1","104","0","0","1778402199","zh-TW","803895187730437","0","模板統一採用了 1:1 的正方形 Hero 圖片比例。這種構圖方式不僅能最大化地鎖定食物的細節與色彩，提升用戶的食慾（Appetite Appeal），更能在輪播（Carousel）滑動時保持高度的視覺穩定性，避免因圖片高度不一造成的跳動感。搭配 aspectMode: cover 技術，確保每一張美食照片不論原始尺寸如何，都能呈現出最精華的中心構圖。","carousel","Hero圖片,1:1比例,視覺穩定性,aspectMode:cover,美食攝影"
"803895187730437","T04de741f6e17bf538179d481bdfad91b","メニュー","🍱 おすすめレストランとグルメ注文","テンプレートでは1:1の正方形Hero画像比率を統一し、料理のディテールと色彩を強調して食欲をそそります。カルーセル表示での視覚的安定性を保ち、aspectMode: cover技術で画像をセンター構図で表示します。","🍱","1","105","0","0","1778402199","ja","803891260280837","0","テンプレートには 1:1 の正方形 Hero 画像比率 を統一して採用しています。この構図は、料理のディテールと色彩を最大限に強調し、ユーザーの食欲（Appetite Appeal）をそそるだけでなく、カルーセル表示でスワイプした際にも高い視覚的安定性を維持し、画像高さの違いによるガタつきを防ぎます。また、aspectMode: cover 技術を組み合わせることで、元の画像サイズに関わらず、すべての料理写真を最も魅力的なセンター構図で表示することが可能です。","carousel","Hero画像,1:1比率,アスペクトモード,視覚的安定性,食欲"
"803970618605573","T3ea4c4ba4dc027c7d6aab254b0913937","提醒","🏠 智慧家居狀態","透過儀表板將家中IoT數據視覺化，清晰呈現空氣品質、耗電量及家電狀態。","🏠","1","106","0","0","1778464999","zh-TW","804161935249413","0","將 IoT 數據視覺化，一目瞭然家中的空氣品質、耗電量與家電開關狀態。採用簡潔的儀表板佈局，操作感十足。","carousel","IoT,數據視覺化,空氣品質,耗電量,儀表板"
"804161935249413","T4786e472a24f31d35baed4cbbb2a757a","メニュー","🏠 スマートホームステータス","IoTデータを可視化し、室内の空気質や消費電力、家電の稼働状況を一目で把握できる洗練されたダッシュボードを紹介。","🏠","1","107","0","1778464999","1778464999","ja","803970618605573","0","IoTデータを可視化し、室内の空気質や消費電力、家電の稼働状況を一目で把握。洗練されたダッシュボードレイアウトにより、直感的な操作感を実現しました。","carousel","IoT,データ可視化,ダッシュボード,空気質,消費電力"
"804162968555525","Tfc0e5b5a7530e943cd777f1c405edaf4","メニュー","♻️ ゴミ収集日の通知","日本と台湾の市場向けに、燃えるゴミ、資源ゴミ、生ゴミの収集時間を明確に区分し、ゴミ収集車の見逃しを防止する設計です。","♻️","1","108","0","0","1778465944","ja","804165806739461","0","日本と台湾の両市場向けに設計。 「燃えるゴミ」「資源ゴミ」「生ゴミ」の収集時間を明確に区分し、ゴミ収集車の見逃しを防止します。","bubble","ゴミ収集,時間区分,日本,台湾,市場"
"804165806739461","T03538289cb40ceff742aed16a9b9261e","通知","♻️ 垃圾清運提醒","專為台日市場設計的垃圾分類提醒，明確標示各類垃圾的清運時間，避免錯過。","♻️ ","1","109","0","1778465944","1778465944","zh-TW","804162968555525","0","針對台日市場設計，清楚區分「一般垃圾」、「資源回收」與「廚餘」時間，幫助用戶不再錯過清運車。","bubble","垃圾分類,資源回收,廚餘,清運時間,台日市場"
"806733836079109","T9746df44374c22045866f2499e3c685d","團購","🛍️ 社群團購","透過滿版高畫質美食圖片，強化視覺吸引力，有效提升使用者點擊意願。","🛍️","1","110","0","0","1779093570","zh-TW","806736235855877","0","強烈的高級感與誘客力：頂部（Hero）採用滿版且支援跨域的高畫質美食意象圖片，能第一時間勾起使用者的食慾，極大化提升點擊轉化率。","bubble","高級感,誘客力,美食意象,點擊轉化率,跨域圖片"
"806736235855877","Tf0171f812326e8d06ec941f447cda870","團購","🛍️電商團購","ドメイン制限のない高画質なグルメ画像をフルサイズで配置し、ユーザーの食欲を刺激してクリック率を最大化する手法。","🛍️","1","111","0","0","1779093570","ja","806733836079109","0","強烈な高級感と高いコンバージョン力：トップ（Hero）にドメイン制限のない高画質なグルメ画像をフルサイズで配置することで、ユーザーの食欲を一瞬で刺激し、クリック率（CTR）を最大化させます。","bubble","高級感,コンバージョン,グルメ画像,クリック率,ヒーロー画像"
"806736886513669","T82aa38a4f5797792fa78bbf41aec29ac","通知","📅預約確認通知","以明亮的醫療藍與純白背景搭配，營造出乾淨、專業且令人安心的視覺氛圍。","📅","1","112","0","0","1779095345","zh-TW","806742043598853","0","清爽專業的信任感：整體色調採用明亮的醫療藍（#00A8CC）搭配純白背景，營造出乾淨、專業且令人安心的視覺氛圍。","bubble","醫療藍,專業,信任感,清爽,視覺設計"
"806738882097157","Tafd0efef241ed9a7d6021df6f4fe6305","DevOps","☁️ Cloud / DevOps 系統即時監控告警","採用純黑底色的極客風格深色主題，模仿終端機與監控面板，降低夜間視覺疲勞並突顯告警嚴重性。","☁️","1","113","0","0","1779095194","zh-TW","806742619365381","0","極客風的深色主題（Dark Mode）：整體採用純黑底色（#121212），模仿終端機（Terminal）與專業監控面板的視覺風格。不僅能大幅降低夜間被警報驚醒時的視覺疲勞，更能突顯告警資訊的嚴重性。","bubble","深色主題,終端機,監控面板,視覺疲勞,告警資訊"
"806742043598853","T720881f0c00f324165ebcd8676ae01d8","通知","📅ご予約確認通知","鮮やかなメディカルブルーと純白の背景を組み合わせ、清潔感とプロフェッショナルな信頼感を視覚的に表現しています。","📅","1","114","0","0","1779095345","ja","806736886513669","0","さわやかでプロフェッショナルな信頼感：全体のカラーに鮮やかなメディカルブルー（#00A8CC）を採用し、純白の背景と組み合わせることで、清潔感とプロフェッショナルさ、そして安心感を与える視覚的アプローチを実現しています。","bubble","メディカルブルー,清潔感,プロフェッショナル,信頼感,視覚的アプローチ"
"806742619365381","T43d3a120c72cfcf6a6ba3c8f89fba4b3","DevOps","☁️ 【障害検知】システムリアルタイム監視アラート","ギークスタイルのダークモードは、ピュアブラックを採用し、ターミナルや監視ダッシュボードの視覚的スタイルを再現。夜間の目の疲労を軽減し、警告情報の深刻さを強調する。","☁️","1","115","0","0","1779095194","ja","806738882097157","0","ギークスタイルのダークモード：全体にピュアブラック（#121212）を採用し、ターミナルやプロ仕様の監視ダッシュボードの視覚的スタイルを再現しています。夜間にアラートで起こされた際の目の疲労を大幅に軽減するだけでなく、警告情報の深刻さをより際立たせる効果を持たせています。","bubble","ダークモード,ギークスタイル,ピュアブラック,ターミナル,監視ダッシュボード"
"807686385229829","T6983598dbc0eccc03e967bcea45a1fbb","儀表板","🚀Web3 數位資產儀表板","介紹賽博龐克風格的金融介面配色，以深黑背景搭配螢光綠與純白文字，營造科技感與財富感，並提升手機端資產變動的辨識效率。","🚀","1","116","0","0","1779326861","zh-TW","807691723796485","0","「賽博龐克」金融美學：採用極致深黑（#0D0D0D）背景，搭配螢光綠（#00FFA3）的漲幅標註與純白文字。這種高對比度配色不僅營造出強烈的科技感與財富感，更能確保使用者在手機端瞬間辨識資產變動。","bubble","賽博龐克,金融美學,高對比度配色,科技感,資產變動"
"807691723796485","T61e3c9c9f77a87a08050eb474e0024fe","ダッシュボード","🚀Web3 デジタル資産ダッシュボード","漆黒の背景にネオングリーンと白文字を用いたサイバーパンク風フィンテックUI。高コントラスト設計でテック感と資産の躍動感を演出し、スマホ画面での視認性を最大化。","🚀","1","117","0","0","1779326861","ja","807686385229829","0","サイバーパンク風のフィンテックUI：ベースの漆黒（#0D0D0D）に、鮮やかなネオングリーン（#00FFA3）のプラス成長表示とホワイト文字。この圧倒的な高コントラスト設計が、洗練されたテック感と資産の躍動感を演出し、スマホ画面での一瞬の視認性を極限まで高めています。","bubble","サイバーパンク,フィンテックUI,ネオングリーン,高コントラスト,視認性"
"808382088372229","T9ca83a01e419f3e8f499f542c76ea32e","評價","⭐ 客服評價邀請","這是一款內建1-5星點擊區塊的設計，能提升售後回饋率，幫助品牌收集真實用戶意見。","⭐","1","118","0","1779495310","1779495613","zh-TW","808383330975749","0","簡約而不失禮貌的設計，內建 1-5 星點擊區塊。能有效提升售後回饋率，幫助品牌收集最真實的用戶心聲。","bubble","簡約設計,星級評分,售後回饋,用戶心聲,品牌收集"
"808383330975749","Tc7ec5733ef5805aa232608bed098eadb","調査","⭐満足度調査のお願い","シンプルで丁寧なデザインに1〜5星のタップ領域を搭載し、アフターサービスの回答率を向上させ、ブランドがユーザーのリアルな声を収集するのに役立つ。","⭐","1","119","0","1779495613","1779495613","ja","808382088372229","0","シンプルかつ丁寧なデザインに、1〜5星のタップ領域を標準搭載。アフターサービスの回答率を効果的に高め、ブランドがユーザーのリアルな「生の声」を集めるのに役立ちます。","carousel","デザイン,タップ領域,アフターサービス,回答率,ユーザーの声"
"808383803138053","T75a3a9da1a15f7125d1fa04b30d1f4a8","賀卡","🎂 專屬生日賀卡","透過個人化名稱與精美素材，將生日祝福結合專屬折價券，促進消費回饋。","🎂","1","120","0","0","1779684524","zh-TW","809157109088261","0","結合個人化名稱與精美生日素材。不僅是祝福，還能植入「專屬生日折價券」，將祝福轉化為實際的消費回扣。","bubble","個人化,生日素材,專屬折價券,消費回扣,祝福"
"808397067059205","Tca0132a746e92c504242ae390c840132","グリーティングカード","🎂 バースデーカード","名前入りのバースデー素材と専用クーポンを組み合わせ、祝福から購買行動へと導く手法。","🎂","1","121","0","0","1779528753","ja","808383803138053","0","パーソナライズされた名前と洗練されたバースデー素材を融合。単なるお祝いにとどまらず、「専用の誕生日クーポン」を組み込むことで、祝福の気持ちを実際の購買（リピート消費）へと効果的に転換します。","bubble","パーソナライズ,バースデー素材,誕生日クーポン,リピート消費"
"809157109088261","Tc0dd9a559f7845b1862b9d6662ddc14c","資訊","🔮 每日運勢速報","這是一套專為命理與星座領域設計的社群模板，透過運勢星等、財運等細分區塊及五行幸運色背景，結合AI解析與開運商品CTA，提升用戶互動與留存。","🔮","1","122","0","1779684524","1779685813","zh-TW","809159713394693","0","大流量與高留存的社群密碼！專為命理、星座、八字及私域流量運營打造。頂部採用高對比度的整體運勢星等（⭐）視覺錨定，下方精細切分「財運投資」、「工作事業」與「愛情桃花」的短評區塊。內建色彩心理學配置，可根據每日吉凶自動切換幸運色背景（如五行開運色），並在底部預留「AI 深度解析」或「今日開運商品」的強導流 CTA 按鈕，是建立用戶每日點擊儀式感、大幅降低封鎖率的終極利器。","bubble","社群運營,命理,星座,私域流量,五行開運色"
"809159713394693","T6988533ac853fbb3f68a203d13a6401b","情報","🔮 毎日の運勢速報情報","高エンゲージメントとブロック率低下を実現する占い・スピリチュアル専用テンプレート。毎日のルーティンとしてタップしたくなる設計で、上部に総合運勢の星評価、下部に金運・仕事・恋愛の診断結果をグリッド表示。ラッキーカラーやアイテムの表示、AI詳細鑑定や開運グッズ購入へのCTAボタンを内蔵。毎朝の自動配信やCRM施策に最適なバイラル性の高いカード。","🔮","1","123","0","0","1779685813","ja","809157109088261","0","高エンゲージメントとブロック率低下を実現する占い・スピリチュアル専用テンプレート！毎日のルーティンとしてタップしたくなる設計です。上部には一目でわかる総合運勢の星評価（⭐）を配置し、下部には「金運・投資」「仕事・キャリア」「恋愛・対人」の診断結果をスタイリッシュなグリッドで分割。ラッキーカラーやラッキーアイテムの表示スペースに加え、下部には「AI詳細鑑定」や「開運グッズの購入」へ誘導する強力なCTAボタンを内蔵。毎朝の自動配信やCRM施策に最適な、バイラル性の高いカードです。","bubble","占い,スピリチュアル,テンプレート,エンゲージメント,CTA"
"809160174100485","T303f38ed5d95c0ab5846ce777c5cf76e","內容","✍️ 每日知識金句","專為LINE Bot設計的極簡文青風卡片模板，適用於語錄分享、知識微課及付費社群導流，透過高質感排版提升用戶轉發與收藏率。","✍️","1","124","0","0","1779686027","zh-TW","809163266232325","0","內容運營與知識付費類 Bot 的吸粉利器！專為語錄分享、知識微課、日語/英語每日一句及付費社群導流場景打造。卡片採用極簡的「文青風白瓷感」排版，利用大字重、高襯線感的符號與留白，優雅呈現名言佳句或核心知識點。中段設計了獨立的「知識微課」微縮 Box，用清爽的色調包裹延伸解析；底部則配備「延伸閱讀」的強力 CTA 按鈕與分享標籤。整體視覺調性呈現高質感的呼吸感與權威感，能顯著提升用戶的轉發意願與點擊收藏率，是打造高黏著度 LINE 訂閱服務的必備基礎模板。","bubble","內容運營,知識付費,語錄卡片,LINE Bot,模板"
"809163266232325","T0ff4b2ff139aa49ac6adb8a25f0339cb","内容","✍️ 毎日のみ言葉・ライフハック","洗練されたミニマリズム風テンプレートで、名言やコラムの質感を高め、中央のミニ解説とCTAボタンでエンゲージメントとシェア率を向上させます。","✍️","1","125","0","1779686027","1779686027","ja","809160174100485","0","コンテンツ配信や知識共有系Botに最適な、洗練されたミニマリズム風テンプレート。美しい余白とフォント配置で名言やコラムの質感を高めます。中央の「ミニ解説」と下部の「続きを読む」ボタン（CTA）により、ユーザーのエンゲージメントとシェア率を劇的に向上させます。","bubble","コンテンツ配信,知識共有,ミニマリズム,テンプレート,エンゲージメント"
"809449271500805","Ta575783c117770f67944bd26f24eece3","遊戲","📋 數位電子集點卡","專為線下商家與私域會員設計的數位集點卡，採用雙排10格圓圈矩陣，可動態切換星星與空心圓，支援自訂品牌色調，提升回購率與集點樂趣。","📋","1","126","0","0","1779757510","zh-TW","809455471128581","0","專為線下商家與私域會員打造的數位集點卡。採用優雅的雙排 10 格圓圈矩陣設計，後端可根據累積點數動態切換星星與空心圓狀態。擺脫官方集點卡單一排版限制，支援商家自訂品牌主色調，大幅提升顧客回購率與集點樂趣。","bubble","數位集點卡,私域會員,線下商家,品牌自訂,回購率"
"809455471128581","T327a59419f21a9cd7b4b28c8ae4ac2ca","ゲーム化","ショップカード","実店舗向けのデジタル会員ショップカードで、2列10個のスタンプマスを採用。獲得ポイントに応じて星と白丸を動的に切り替え、ブランドカラーにカスタマイズ可能。LINEの制限を打破し、リピート率を向上させる。","📋","1","127","0","0","1779757510","ja","809449271500805","0","実店舗の経営者やリピーター獲得（私域運用）に特化した、デジタル会員ショップカード。洗練された2列・10個のスタンプマス（グリッド）を採用し、獲得ポイント数に応じて星（🌟）と白丸（⚪）の状態をバックエンドから動的に切り替えることが可能です。LINE公式アカウント標準の単調なレイアウト制限を打破し、ブランドのイメージカラーに合わせたカスタマイズに対応。ユーザーのスタンプラリーの楽しさを刺激し、リピート率（再来店率）を大幅に向上させます。","bubble","デジタル会員ショップカード,スタンプラリー,リピーター獲得,LINE公式アカウント,カスタマイズ"
"809456772820997","T97f106add8d28a7bdeba3b725363e7b2","遊戲","🎁 互動抽獎","專為行銷活動設計的中獎喜報，以慶典紅底色、虛擬刮卡結構展示獎品與兌獎期限，並內建引導按鈕提升轉換率。","🎁","1","128","0","0","1779757946","zh-TW","809457282813957","0","專為行銷抽獎、刮刮樂或驚喜盲盒活動打造的中獎喜報。頂部採用高飽和度的慶典紅底色，瞬間鎖定用戶成就感；中段以極具儀式感的虛擬「刮開圖層」卡片結構展示中獎好禮與兌獎期限，底部內建強力大按鈕，流暢引導高轉換率。","bubble","行銷抽獎,刮刮樂,盲盒,中獎喜報,高轉換率"
"809457282813957","T383c2b0557399541d4a3bcf237032d24","遊戲","🎁 インタラクティブ抽選","当選お祝いカードは、高彩度なフェスティバルレッドの背景とスクラッチ削り取り風のデザインで達成感を演出し、賞品表示とCTAボタンで高コンバージョンを促進します。","🎁","1","129","0","0","1779757946","ja","809456772820997","0","マーケティング抽選、スクラッチキャンペーン、サプライズブラインドボックス（ブラインドガチャ）向けに設計された、当選お祝いカード。上部には高彩度なフェスティバルレッドを背景色に採用し、ユーザーの「当たった！」という達成感を瞬時にロックオンします。中央部はイベントのワクワク感を演出するバーチャルな「スクラッチ削り取り」風のカード構造で、当選賞品や引換期限をスタイリッシュに表示。下部には強力なアクションボタン（CTA）を内蔵し、スムーズな高コンバージョンへとユーザーを誘導します。","bubble","マーケティング抽選,スクラッチキャンペーン,ブラインドボックス,当選お祝いカード,CTA"
"810226161696773","T157c9d563320b468156c683944b1c13a","企業行政","🏢 企業電子薪資單明細","專為人資系統打造的隱私薪資通知模板，利用網格清晰呈現底薪、獎金與扣款明細。","🏢","1","130","0","0","1779945691","zh-TW","810226216235013","0","專為企業人資、行政管理系統與 B2B 工具打造的隱私薪資單模板。利用細緻的水平 Box 網格與分隔線，清晰對齊底薪、專案獎金、勞健保自付額等核心扣繳數據，並在底部凸顯實領總金額。有效協助企業推進無紙化轉型，在 LINE 或 LINE WORKS 中安全、優雅地發送每月薪資通知，並內建安全隱私提示與電子簽收按鈕。","bubble","薪資單,電子薪資明細,人資系統,薪資通知,企業行政"
"810226216235013","T2f830c05cdf824d230d871e21af9b150","社内ツール","🏢 電子給与明細カード","人事労務向けの電子給与明細。グリッド配置で基本給や控除額をクリアに整理した安全設計。","🏢","1","131","0","0","1779945691","ja","810226161696773","0","人事労務システムやB2B管理ツールに最適な、プライバシーに配慮した電子給与明細テンプレート。洗練された水平ボックスと区切り線（separator）により、基本給、インセンティブ、社会保険料などの各種控除額をクリアに整理し、差引支給額（手取り）を強調表示します。ペーパーレス化を強力に推進し、LINEやLINE WORKS上で安全かつエレガントに毎月の給与通知を配信。プライバシー警告文と電子署名（確認）ボタンも標準装備しています。","bubble","給与明細,電子明細,人事労務,給与通知,社内ツール,B2Bサース,HR,SalarySlip"
"810227507912709","T01d344c404f5cb796030717365a21a2e","車主服務","🚗 愛車保養與定期檢驗報告","專為汽車保修廠與車行打造的保養進度與檢驗報告模板，清楚列出工單項目與安全警示。","🚗","1","132","0","0","1779946871","zh-TW","810227566219269","0","專為汽車保養廠、連鎖車行與汽車美容品牌設計的 OMO 車主服務卡。頂部內嵌精美車輛主視覺，中央以清爽網格羅列本次進廠里程、更換機油等工單明細。特別加入「注意警示標籤（⚠）」突顯建議更換項目，底部一鍵引導車主進行線上預約回廠，能有效將線下工單轉化為數位留存，提升車主二次進廠率與客戶信任度。","bubble","汽車保養,定期檢驗,車檢報告,車主服務,CarMaintenance,保養廠"
"810227566219269","T4b1363d7d1cbeb60e697843eb94f8a19","モビリティ","🚗 車検・整備定期レポート","自動車整備工場向けの車検・整備報告カード。メンテ項目や交換推奨パーツをクリアに整理。","🚗","1","133","0","0","1779946870","ja","810227507912709","0","自動車整備工場やディーラー、カーケアブランド向けのOMO車主サービスカード。上部に車両のメインビジュアルを配置し、中央のクリーンなグリッド（水平ボックス）で走行距離やオイル交換などの整備明細を網羅。要交換メンテナンス項目には「警告ラベル（⚠）」でユーザーの注意を促し、次回入庫のオンライン予約へシームレスに誘導することで、店舗の再来店率（リピート率）向上に貢献します。","bubble","車検,自動車整備,カーケア,モビリティ,ディーラー,CarMaintenance"
