"id","code","category","title","description","thumbnail","json_data","is_public","sort_by","usage_count","created_at","updated_at","lang","lang_relation_id","deleted_at","content","tpl_type"
"808382088372229","T9ca83a01e419f3e8f499f542c76ea32e","評價","⭐ 客服評價邀請","系统内置模板","⭐","{
  ""type"": ""bubble"",
  ""size"": ""standard"",
  ""body"": {
    ""type"": ""box"",
    ""layout"": ""vertical"",
    ""backgroundColor"": ""#FFFFFF"",
    ""paddingAll"": ""24px"",
    ""contents"": [
      {
        ""type"": ""text"",
        ""text"": ""✨ 服務評價邀請"",
        ""color"": ""#06C755"",
        ""weight"": ""bold"",
        ""size"": ""xs"",
        ""letterSpacing"": ""1px""
      },
      {
        ""type"": ""text"",
        ""text"": ""感謝您今天的諮詢！"",
        ""weight"": ""bold"",
        ""size"": ""lg"",
        ""color"": ""#111111"",
        ""margin"": ""md""
      },
      {
        ""type"": ""text"",
        ""text"": ""本次對話已結束。為了提供更優質的服務，誠摯邀請您花費 5 秒鐘，為本次客服人員的服務進行評價："",
        ""color"": ""#666666"",
        ""size"": ""xs"",
        ""margin"": ""md"",
        ""wrap"": true
      },
      {
        ""type"": ""box"",
        ""layout"": ""vertical"",
        ""margin"": ""xxl"",
        ""backgroundColor"": ""#F9F9F9"",
        ""paddingAll"": ""16px"",
        ""cornerRadius"": ""md"",
        ""contents"": [
          {
            ""type"": ""text"",
            ""text"": ""⭐⭐⭐⭐⭐"",
            ""size"": ""xl"",
            ""align"": ""center""
          },
          {
            ""type"": ""text"",
            ""text"": ""非常滿意，極力推薦！"",
            ""size"": ""xs"",
            ""color"": ""#888888"",
            ""align"": ""center"",
            ""margin"": ""xs""
          }
        ]
      }
    ]
  },
  ""footer"": {
    ""type"": ""box"",
    ""layout"": ""vertical"",
    ""backgroundColor"": ""#FFFFFF"",
    ""paddingAll"": ""24px"",
    ""paddingTop"": ""0px"",
    ""spacing"": ""sm"",
    ""contents"": [
      {
        ""type"": ""button"",
        ""action"": {
          ""type"": ""postback"",
          ""label"": ""🌟 給予 5 星好評"",
          ""data"": ""action=rate_service&stars=5""
        },
        ""style"": ""primary"",
        ""color"": ""#06C755"",
        ""height"": ""sm""
      },
      {
        ""type"": ""button"",
        ""action"": {
          ""type"": ""postback"",
          ""label"": ""其他評價反饋"",
          ""data"": ""action=rate_service&stars=other""
        },
        ""style"": ""text"",
        ""color"": ""#888888"",
        ""height"": ""sm""
      }
    ]
  }
}","1","118","0","1779495310","1779495613","zh-TW","808383330975749","0","簡約而不失禮貌的設計，內建 1-5 星點擊區塊。能有效提升售後回饋率，幫助品牌收集最真實的用戶心聲。","bubble"
"808383330975749","Tc7ec5733ef5805aa232608bed098eadb","調査","⭐満足度調査のお願い","システム標準テンプレート","⭐","{
  ""type"": ""bubble"",
  ""size"": ""standard"",
  ""body"": {
    ""type"": ""box"",
    ""layout"": ""vertical"",
    ""backgroundColor"": ""#FFFFFF"",
    ""paddingAll"": ""24px"",
    ""contents"": [
      {
        ""type"": ""text"",
        ""text"": ""✨ 満足度調査のお願い"",
        ""color"": ""#06C755"",
        ""weight"": ""bold"",
        ""size"": ""xs"",
        ""letterSpacing"": ""1px""
      },
      {
        ""type"": ""text"",
        ""text"": ""本日はお問い合わせありがとうございました！"",
        ""weight"": ""bold"",
        ""size"": ""sm"",
        ""color"": ""#111111"",
        ""margin"": ""md"",
        ""wrap"": true
      },
      {
        ""type"": ""text"",
        ""text"": ""カスタマーサポートは終了いたしました。今後のサービス向上のため、今回の対応について5秒ほどの簡単な評価にご協力いただけますと幸いです。"",
        ""color"": ""#666666"",
        ""size"": ""xs"",
        ""margin"": ""md"",
        ""wrap"": true
      },
      {
        ""type"": ""box"",
        ""layout"": ""vertical"",
        ""margin"": ""xxl"",
        ""backgroundColor"": ""#F9F9F9"",
        ""paddingAll"": ""16px"",
        ""cornerRadius"": ""md"",
        ""contents"": [
          {
            ""type"": ""text"",
            ""text"": ""⭐⭐⭐⭐⭐"",
            ""size"": ""xl"",
            ""align"": ""center""
          },
          {
            ""type"": ""text"",
            ""text"": ""大変満足、とてもおすすめ！"",
            ""size"": ""xs"",
            ""color"": ""#888888"",
            ""align"": ""center"",
            ""margin"": ""xs""
          }
        ]
      }
    ]
  },
  ""footer"": {
    ""type"": ""box"",
    ""layout"": ""vertical"",
    ""backgroundColor"": ""#FFFFFF"",
    ""paddingAll"": ""24px"",
    ""paddingTop"": ""0px"",
    ""spacing"": ""sm"",
    ""contents"": [
      {
        ""type"": ""button"",
        ""action"": {
          ""type"": ""postback"",
          ""label"": ""🌟 星5つで評価する"",
          ""data"": ""action=rate_service&stars=5""
        },
        ""style"": ""primary"",
        ""color"": ""#06C755"",
        ""height"": ""sm""
      },
      {
        ""type"": ""button"",
        ""action"": {
          ""type"": ""postback"",
          ""label"": ""その他のフィードバック"",
          ""data"": ""action=rate_service&stars=other""
        },
        ""style"": ""text"",
        ""color"": ""#888888"",
        ""height"": ""sm""
      }
    ]
  }
}","1","119","0","1779495613","1779495613","ja","808382088372229","0","シンプルかつ丁寧なデザインに、1〜5星のタップ領域を標準搭載。アフターサービスの回答率を効果的に高め、ブランドがユーザーのリアルな「生の声」を集めるのに役立ちます。","carousel"
"808383803138053","T75a3a9da1a15f7125d1fa04b30d1f4a8","賀卡","🎂 專屬生日賀卡","系統內置模板","🎂","{
    ""type"": ""bubble"",
    ""size"": ""standard"",
    ""header"": {
        ""type"": ""box"",
        ""layout"": ""vertical"",
        ""backgroundColor"": ""#FFF5F5"",
        ""paddingAll"": ""20px"",
        ""contents"": [
            {
                ""type"": ""text"",
                ""text"": ""🎉 HAPPY BIRTHDAY"",
                ""color"": ""#FF6B6B"",
                ""weight"": ""bold"",
                ""size"": ""xs"",
                ""letterSpacing"": ""2px""
            }
        ]
    },
    ""hero"": {
        ""type"": ""image"",
        ""url"": ""https://raw.githubusercontent.com/arieslee/line-flex-message-templates/refs/heads/main/cafe.png"",
        ""size"": ""full"",
        ""aspectRatio"": ""20:13"",
        ""aspectMode"": ""cover""
    },
    ""body"": {
        ""type"": ""box"",
        ""layout"": ""vertical"",
        ""backgroundColor"": ""#FFFFFF"",
        ""paddingAll"": ""20px"",
        ""contents"": [
            {
                ""type"": ""text"",
                ""text"": ""親愛的貴賓，生日快樂！"",
                ""weight"": ""bold"",
                ""size"": ""md"",
                ""color"": ""#111111""
            },
            {
                ""type"": ""text"",
                ""text"": ""在這個特別的日子裡，感謝您一直以來的支持。我們為您準備了一份專屬的生日驚喜，願您的每一天都充滿陽光與笑容。✨"",
                ""color"": ""#666666"",
                ""size"": ""xs"",
                ""margin"": ""md"",
                ""wrap"": true,
                ""lineHeight"": ""1.6""
            },
            {
                ""type"": ""box"",
                ""layout"": ""vertical"",
                ""margin"": ""lg"",
                ""backgroundColor"": ""#FFF9EB"",
                ""paddingAll"": ""15px"",
                ""cornerRadius"": ""md"",
                ""contents"": [
                    {
                        ""type"": ""text"",
                        ""text"": ""🎁 生日專屬禮遇：全館 85 折優惠券"",
                        ""size"": ""xs"",
                        ""color"": ""#D48806"",
                        ""weight"": ""bold""
                    },
                    {
                        ""type"": ""text"",
                        ""text"": ""使用期限：即日起至當月底"",
                        ""size"": ""xxs"",
                        ""color"": ""#D48806"",
                        ""margin"": ""xs""
                    }
                ]
            }
        ]
    },
    ""footer"": {
        ""type"": ""box"",
        ""layout"": ""vertical"",
        ""backgroundColor"": ""#FFFFFF"",
        ""paddingAll"": ""20px"",
        ""paddingTop"": ""0px"",
        ""contents"": [
            {
                ""type"": ""button"",
                ""action"": {
                    ""type"": ""uri"",
                    ""label"": ""立即領取生日驚喜"",
                    ""uri"": ""https://liming.me""
                },
                ""style"": ""primary"",
                ""color"": ""#FF6B6B"",
                ""height"": ""sm""
            }
        ]
    }
}","1","120","0","0","1779498967","zh-TW","808397067059205","0","結合個人化名稱與精美生日素材。不僅是祝福，還能植入「專屬生日折價券」，將祝福轉化為實際的消費回扣。","bubble"
"808397067059205","Tca0132a746e92c504242ae390c840132","グリーティングカード","🎂 バースデーカード","システム標準テンプレート","🎂","{
  ""type"": ""bubble"",
  ""size"": ""standard"",
  ""header"": {
    ""type"": ""box"",
    ""layout"": ""vertical"",
    ""backgroundColor"": ""#FFF5F5"",
    ""paddingAll"": ""20px"",
    ""contents"": [
      {
        ""type"": ""text"",
        ""text"": ""🎉 HAPPY BIRTHDAY"",
        ""color"": ""#FF6B6B"",
        ""weight"": ""bold"",
        ""size"": ""xs"",
        ""letterSpacing"": ""2px""
      }
    ]
  },
  ""hero"": {
    ""type"": ""image"",
    ""url"": ""https://raw.githubusercontent.com/arieslee/line-flex-message-templates/refs/heads/main/cafe.png"",
    ""size"": ""full"",
    ""aspectRatio"": ""20:13"",
    ""aspectMode"": ""cover""
  },
  ""body"": {
    ""type"": ""box"",
    ""layout"": ""vertical"",
    ""backgroundColor"": ""#FFFFFF"",
    ""paddingAll"": ""20px"",
    ""contents"": [
      {
        ""type"": ""text"",
        ""text"": ""大切なあなたへ、お誕生日おめでとうございます！"",
        ""weight"": ""bold"",
        ""size"": ""sm"",
        ""color"": ""#111111"",
        ""wrap"": true
      },
      {
        ""type"": ""text"",
        ""text"": ""特別なこの日に、日頃の感謝の気持ちを込めて。ささやかではございますが、限定のバースデー特典をご用意いたしました。笑顔あふれる素敵な1年になりますように。✨"",
        ""color"": ""#666666"",
        ""size"": ""xs"",
        ""margin"": ""md"",
        ""wrap"": true,
        ""lineHeight"": ""1.6""
      },
      {
        ""type"": ""box"",
        ""layout"": ""vertical"",
        ""margin"": ""lg"",
        ""backgroundColor"": ""#FFF9EB"",
        ""paddingAll"": ""15px"",
        ""cornerRadius"": ""md"",
        ""contents"": [
          {
            ""type"": ""text"",
            ""text"": ""🎁 誕生日限定特典：全品 15% OFF クーポン"",
            ""size"": ""xs"",
            ""color"": ""#D48806"",
            ""weight"": ""bold""
          },
          {
            ""type"": ""text"",
            ""text"": ""有効期限：今月末日まで"",
            ""size"": ""xxs"",
            ""color"": ""#D48806"",
            ""margin"": ""xs""
          }
        ]
      }
    ]
  },
  ""footer"": {
    ""type"": ""box"",
    ""layout"": ""vertical"",
    ""backgroundColor"": ""#FFFFFF"",
    ""paddingAll"": ""20px"",
    ""paddingTop"": ""0px"",
    ""contents"": [
      {
        ""type"": ""button"",
        ""action"": {
          ""type"": ""uri"",
          ""label"": ""バースデー特典を受け取る"",
          ""uri"": ""https://liming.me""
        },
        ""style"": ""primary"",
        ""color"": ""#FF6B6B"",
        ""height"": ""sm""
      }
    ]
  }
}","1","121","0","1779498967","1779498967","ja","808383803138053","0","パーソナライズされた名前と洗練されたバースデー素材を融合。単なるお祝いにとどまらず、「専用の誕生日クーポン」を組み込むことで、祝福の気持ちを実際の購買（リピート消費）へと効果的に転換します。","bubble"
